month,weights
1,0.06192698994803862
2,0.056101017386490044
3,0.071938316817099
4,0.07140498890170005
5,0.07439670454141419
6,0.1184140351590079
7,0.0930631815803776
8,0.07029769856306221
9,0.10273419444627864
10,0.09237239494709895
11,0.08828862690918696
12,0.09906185080024583
